Day,Strategy,S_avg,E_avg,I_avg,A_avg,Q_avg,R_avg,Efficiency_avg
0,LocalGNTS-14,3976.8,13.2,9.2,0,0,0.8,0.0
1,LocalGNTS-14,3965.8,22.6,9.6,0.6,0,1.4,0.0
2,LocalGNTS-14,3953.8,31.0,11.0,1.8,0,2.4,0.0
3,LocalGNTS-14,3939.0,40.6,12.6,4.4,0,3.4,0.0
4,LocalGNTS-14,3920.4,51.0,16.2,7.2,0,5.2,0.0
5,LocalGNTS-14,3888.2,72.4,22.2,10.2,0,7.0,0.0
6,LocalGNTS-14,3846.4,98.0,31.4,15.4,0,8.8,0.0
7,LocalGNTS-14,3786.4,137.8,41.4,21.8,0,12.6,0.0
8,LocalGNTS-14,3710.8,187.0,55.6,30.6,0,16.0,0.0
9,LocalGNTS-14,3611.4,248.4,75.2,43.8,0,21.2,0.0
10,LocalGNTS-14,3475.0,332.2,100.6,62.0,0,30.2,0.0
11,LocalGNTS-14,3311.0,429.8,131.6,86.0,0,41.6,0.0
12,LocalGNTS-14,3098.2,553.0,174.8,119.2,0,54.8,0.0
13,LocalGNTS-14,2818.4,725.6,228.8,151.8,0,75.4,0.0
14,LocalGNTS-14,2498.8,901.4,300.0,200.0,0,99.8,0.0
15,LocalGNTS-14,2141.2,1083.0,383.8,258.8,0,133.2,0.0
16,LocalGNTS-14,1765.0,1245.8,476.6,334.4,0,178.2,0.0
17,LocalGNTS-14,1376.6,1383.6,592.0,410.8,0,237.0,0.0
18,LocalGNTS-14,1020.4,1466.0,717.0,494.2,0,302.4,0.0
19,LocalGNTS-14,720.8,1478.2,840.0,569.2,0,391.8,0.0
20,LocalGNTS-14,478.8,1415.8,926.0,662.8,27.0,489.6,0.00890618815147117
21,LocalGNTS-14,310.8,1300.2,980.0,736.2,77.6,595.2,0.025080801551389788
22,LocalGNTS-14,191.4,1160.2,1004.2,787.0,134.2,723.0,0.043492351568576615
23,LocalGNTS-14,114.8,1017.4,998.0,829.2,188.4,852.2,0.062116716122650836
24,LocalGNTS-14,70.6,877.8,974.8,846.6,242.6,987.6,0.08246651709837514
25,LocalGNTS-14,39.6,734.6,950.2,861.0,292.2,1122.4,0.1029598308668076
26,LocalGNTS-14,23.4,608.4,902.6,869.0,337.0,1259.6,0.12403386087596614
27,LocalGNTS-14,16.2,505.2,838.4,852.6,380.6,1407.0,0.14770257683949087
28,LocalGNTS-14,13.6,426.0,764.6,830.6,419.6,1545.6,0.17191084890199937
29,LocalGNTS-14,11.2,353.2,693.6,802.8,458.6,1680.6,0.1986829564162551
30,LocalGNTS-14,11.8,294.8,617.6,776.8,496.2,1802.8,0.22705225587993044
31,LocalGNTS-14,11.8,239.0,555.4,732.4,523.6,1937.8,0.2553648068669528
32,LocalGNTS-14,16.2,196.8,502.4,676.0,554.2,2054.4,0.2872395563387582
33,LocalGNTS-14,17.0,158.2,451.6,616.8,578.4,2178.0,0.32044321329639885
34,LocalGNTS-14,16.2,130.8,407.4,554.4,604.8,2286.4,0.3563096500530223
35,LocalGNTS-14,15.6,107.8,360.2,502.2,625.8,2388.4,0.39210526315789473
36,LocalGNTS-14,22.8,86.6,319.8,452.0,644.0,2474.8,0.42864749733759316
37,LocalGNTS-14,25.4,74.0,283.4,405.6,656.0,2555.6,0.46229739252995067
38,LocalGNTS-14,31.6,65.4,244.8,367.2,657.2,2633.8,0.49243218942005096
39,LocalGNTS-14,34.2,58.4,212.8,340.8,647.4,2706.4,0.5140543115769414
40,LocalGNTS-14,42.4,51.6,137.8,320.0,673.2,2775.0,0.5692541856925419
41,LocalGNTS-14,52.0,45.8,74.0,298.2,694.6,2835.4,0.6243034333992451
42,LocalGNTS-14,64.0,37.0,37.2,259.6,707.6,2894.6,0.6794699443057423
43,LocalGNTS-14,71.8,30.4,15.2,215.0,721.8,2945.8,0.7347312703583062
44,LocalGNTS-14,78.4,28.4,4.6,166.6,724.2,2997.8,0.7839359168651223
45,LocalGNTS-14,95.2,17.6,2.6,121.6,719.8,3043.2,0.835422469823584
46,LocalGNTS-14,110.2,12.6,0.8,88.4,702.4,3085.6,0.8734145734891817
47,LocalGNTS-14,126.0,10.4,0.6,68.0,676.2,3118.8,0.8953919491525424
48,LocalGNTS-14,140.8,8.2,2.0,58.0,638.4,3152.6,0.9034814605151429
49,LocalGNTS-14,153.0,9.4,0.4,53.0,591.8,3192.4,0.9040635502597006
50,LocalGNTS-14,167.8,9.0,1.0,50.8,551.2,3220.2,0.9006535947712418
51,LocalGNTS-14,183.8,7.4,1.4,46.4,515.4,3245.6,0.9032597266035751
52,LocalGNTS-14,197.8,7.8,1.4,42.6,475.4,3275.0,0.9017450682852808
53,LocalGNTS-14,212.8,9.6,1.0,38.8,447.8,3290.0,0.9006436041834273
54,LocalGNTS-14,227.6,10.6,1.2,36.4,420.0,3304.2,0.897052541648868
55,LocalGNTS-14,245.0,10.8,1.0,34.8,388.6,3319.8,0.892922794117647
56,LocalGNTS-14,258.8,10.2,1.4,33.6,365.4,3330.6,0.8899171943497322
57,LocalGNTS-14,273.0,9.0,2.4,30.8,340.4,3344.4,0.8897020386826974
58,LocalGNTS-14,290.4,9.8,1.4,29.0,321.0,3348.4,0.8887043189368771
59,LocalGNTS-14,306.2,10.8,1.2,27.4,299.6,3354.8,0.8837758112094396
60,LocalGNTS-14,323.8,10.6,1.2,25.2,279.6,3359.6,0.883133291219204
61,LocalGNTS-14,340.4,10.2,1.4,23.4,260.6,3364.0,0.881596752368065
62,LocalGNTS-14,359.2,9.4,1.8,22.4,244.2,3363.0,0.8790496760259179
63,LocalGNTS-14,373.6,10.8,0.6,20.6,230.6,3363.8,0.8781416603198781
64,LocalGNTS-14,390.6,10.8,0.6,19.2,211.6,3367.2,0.8736581337737407
65,LocalGNTS-14,403.6,9.6,1.4,18.4,195.0,3372.0,0.8689839572192514
66,LocalGNTS-14,420.8,8.6,1.8,17.8,182.0,3369.0,0.8658420551855376
67,LocalGNTS-14,437.8,7.0,0.8,17.0,170.2,3367.2,0.8728205128205128
68,LocalGNTS-14,453.0,7.2,0.8,15.6,158.4,3365.0,0.8703296703296703
69,LocalGNTS-14,468.0,7.4,1.0,14.4,147.2,3362.0,0.8658823529411764
70,LocalGNTS-14,480.6,8.8,0.2,13.4,135.8,3361.2,0.8584070796460177
71,LocalGNTS-14,501.2,9.2,0.8,12.6,125.4,3350.8,0.8472972972972973
72,LocalGNTS-14,517.4,8.0,1.2,12.6,117.6,3343.2,0.8436154949784793
73,LocalGNTS-14,536.0,6.4,1.2,12.6,110.0,3333.8,0.8448540706605223
74,LocalGNTS-14,554.2,6.4,1.0,11.6,104.8,3322.0,0.8465266558966075
75,LocalGNTS-14,573.8,6.4,1.0,10.8,97.0,3311.0,0.8420138888888888
76,LocalGNTS-14,590.0,6.6,1.2,10.4,92.6,3299.2,0.8357400722021661
77,LocalGNTS-14,605.4,6.6,0.6,9.0,85.8,3292.6,0.8411764705882353
78,LocalGNTS-14,623.4,7.8,0.4,8.4,80.4,3279.6,0.8288659793814434
79,LocalGNTS-14,639.4,8.6,0.2,8.4,74.2,3269.2,0.811816192560175
80,LocalGNTS-14,656.6,7.2,1.6,7.6,69.2,3257.8,0.8084112149532711
81,LocalGNTS-14,675.6,6.2,1.0,7.8,66.2,3243.2,0.8152709359605912
82,LocalGNTS-14,694.0,6.6,0.8,8.0,62.6,3228.0,0.8025641025641026
83,LocalGNTS-14,709.8,6.6,0.6,7.8,58.8,3216.4,0.7967479674796748
84,LocalGNTS-14,729.2,7.8,0.2,6.6,56.4,3199.8,0.7943661971830985
85,LocalGNTS-14,746.0,7.0,1.4,6.0,52.4,3187.2,0.7844311377245509
86,LocalGNTS-14,764.4,5.4,1.6,5.8,51.2,3171.6,0.8
87,LocalGNTS-14,782.8,5.2,1.0,5.4,50.4,3155.2,0.8129032258064516
88,LocalGNTS-14,797.6,4.4,0.8,4.4,46.8,3146.0,0.8297872340425532
89,LocalGNTS-14,811.6,4.8,0.4,4.0,44.4,3134.8,0.8283582089552239
90,LocalGNTS-14,825.8,4.4,0.8,4.0,42.2,3122.8,0.8210116731517509
91,LocalGNTS-14,844.6,3.6,0.2,4.2,39.6,3107.8,0.8319327731092437
92,LocalGNTS-14,864.4,2.8,0,4.8,37.2,3090.8,0.8303571428571428
93,LocalGNTS-14,881.2,2.4,0.8,4.4,35.6,3075.6,0.8240740740740741
94,LocalGNTS-14,896.8,3.2,0.4,4.0,33.4,3062.2,0.8146341463414634
95,LocalGNTS-14,916.0,3.4,0.2,3.6,32.0,3044.8,0.8163265306122448
96,LocalGNTS-14,932.0,3.8,0.2,3.4,30.4,3030.2,0.8042328042328043
97,LocalGNTS-14,947.0,4.0,0.4,3.2,29.8,3015.6,0.7967914438502675
98,LocalGNTS-14,963.8,4.2,0.2,2.6,28.6,3000.6,0.8033707865168539
99,LocalGNTS-14,980.0,3.8,1.2,2.8,27.2,2985.0,0.7771428571428571
100,LocalGNTS-14,995.6,3.2,0.8,3.2,27.0,2970.2,0.7894736842105262
101,LocalGNTS-14,1012.2,3.6,0.4,2.6,25.8,2955.4,0.7962962962962964
102,LocalGNTS-14,1027.0,3.8,0.2,2.2,24.2,2942.6,0.7960526315789473
103,LocalGNTS-14,1043.8,3.6,0.6,2.0,22.0,2928.0,0.7801418439716312
104,LocalGNTS-14,1058.6,3.0,0.8,1.8,21.4,2914.4,0.7925925925925925
105,LocalGNTS-14,1077.0,3.4,0,2.0,21.0,2896.6,0.7954545454545455
106,LocalGNTS-14,1091.6,3.6,0,1.8,19.4,2883.6,0.7822580645161291
107,LocalGNTS-14,1106.6,3.2,0.4,2.0,18.6,2869.2,0.768595041322314
108,LocalGNTS-14,1122.2,3.2,0.2,2.0,17.6,2854.8,0.7652173913043478
109,LocalGNTS-14,1137.4,2.8,0.4,1.8,16.6,2841.0,0.7685185185185185
110,LocalGNTS-14,1151.4,2.8,0.2,2.0,16.6,2827.0,0.7685185185185185
111,LocalGNTS-14,1166.8,2.8,0.4,2.2,15.6,2812.2,0.7428571428571429
112,LocalGNTS-14,1179.2,3.6,0,2.4,14.4,2800.4,0.7058823529411765
113,LocalGNTS-14,1192.4,3.8,0.6,2.4,13.4,2787.4,0.6633663366336634
114,LocalGNTS-14,1206.2,3.0,0.6,2.4,13.0,2774.8,0.6842105263157895
115,LocalGNTS-14,1221.2,2.0,1.0,2.4,12.8,2760.6,0.7032967032967032
116,LocalGNTS-14,1234.8,2.4,0.2,2.4,13.2,2747.0,0.7252747252747253
117,LocalGNTS-14,1250.8,2.6,0.4,2.2,12.4,2731.6,0.7045454545454545
118,LocalGNTS-14,1266.4,2.6,0.6,2.4,11.6,2716.4,0.6744186046511628
119,LocalGNTS-14,1281.2,2.8,0.2,2.2,11.4,2702.2,0.6867469879518072
120,LocalGNTS-14,1298.4,3.4,0.2,2.4,10.8,2684.8,0.6428571428571429
121,LocalGNTS-14,1310.8,2.8,0.8,2.2,10.6,2672.8,0.6463414634146342
122,LocalGNTS-14,1322.0,2.6,0.2,2.0,10.8,2662.4,0.6923076923076923
123,LocalGNTS-14,1336.2,1.6,0.8,2.0,10.0,2649.4,0.6944444444444444
124,LocalGNTS-14,1347.0,1.2,0.6,2.4,10.8,2638.0,0.7200000000000001
125,LocalGNTS-14,1360.8,1.4,0.2,2.0,11.0,2624.6,0.7534246575342466
126,LocalGNTS-14,1376.0,1.0,0.6,2.2,10.4,2609.8,0.7323943661971831
127,LocalGNTS-14,1389.0,1.6,0,2.0,10.6,2596.8,0.7464788732394366
128,LocalGNTS-14,1403.4,2.2,0,2.2,10.0,2582.2,0.6944444444444444
129,LocalGNTS-14,1415.6,2.2,0,2.0,8.8,2571.4,0.676923076923077
130,LocalGNTS-14,1429.8,2.8,0,2.6,8.6,2556.2,0.6142857142857142
131,LocalGNTS-14,1441.6,3.0,0.8,2.6,8.0,2544.0,0.5555555555555556
132,LocalGNTS-14,1454.2,4.2,0.4,2.6,8.2,2530.4,0.5324675324675324
133,LocalGNTS-14,1466.8,4.6,0.2,2.2,8.4,2517.8,0.5454545454545454
134,LocalGNTS-14,1482.6,4.6,0.8,2.2,8.2,2501.6,0.5189873417721519
135,LocalGNTS-14,1494.8,4.4,0.8,2.4,8.6,2489.0,0.5308641975308642
136,LocalGNTS-14,1506.4,4.4,0.4,2.6,9.0,2477.2,0.5487804878048781
137,LocalGNTS-14,1517.8,4.4,0.8,2.8,8.4,2465.8,0.5121951219512195
138,LocalGNTS-14,1533.4,5.8,0.2,2.4,8.0,2450.2,0.48780487804878053
139,LocalGNTS-14,1547.4,6.2,0.4,2.4,6.8,2436.8,0.430379746835443
140,LocalGNTS-14,1558.8,5.4,0.4,2.8,6.6,2426.0,0.43421052631578944
141,LocalGNTS-14,1570.6,6.0,0.6,2.8,7.0,2413.0,0.426829268292683
142,LocalGNTS-14,1581.4,6.6,0.2,3.0,6.8,2402.0,0.4096385542168674
143,LocalGNTS-14,1596.0,7.2,0.6,2.8,6.8,2386.6,0.39080459770114945
144,LocalGNTS-14,1607.6,6.4,0.4,3.4,7.4,2374.8,0.4204545454545454
145,LocalGNTS-14,1619.6,7.2,0.2,3.2,7.0,2362.8,0.3977272727272727
146,LocalGNTS-14,1631.2,6.6,1.6,3.2,7.2,2350.2,0.38709677419354843
147,LocalGNTS-14,1645.4,6.4,1.2,3.4,7.4,2336.2,0.4021739130434783
148,LocalGNTS-14,1656.2,5.8,1.4,3.8,6.8,2326.0,0.38202247191011235
149,LocalGNTS-14,1665.6,6.2,1.2,4.2,7.8,2315.0,0.40206185567010305
0,Beta-Binomial-14,3975.4,14.6,9.0,0,0,1.0,0.0
1,Beta-Binomial-14,3963.6,22.8,10.6,1.6,0,1.4,0.0
2,Beta-Binomial-14,3951.0,31.4,12.4,3.0,0,2.2,0.0
3,Beta-Binomial-14,3929.4,47.6,15.2,4.4,0,3.4,0.0
4,Beta-Binomial-14,3896.4,72.4,18.6,8.2,0,4.4,0.0
5,Beta-Binomial-14,3864.0,89.6,28.2,12.2,0,6.0,0.0
6,Beta-Binomial-14,3817.4,118.6,33.8,20.2,0,10.0,0.0
7,Beta-Binomial-14,3752.8,160.2,45.0,28.8,0,13.2,0.0
8,Beta-Binomial-14,3666.4,210.4,64.8,40.2,0,18.2,0.0
9,Beta-Binomial-14,3553.8,282.8,82.0,56.0,0,25.4,0.0
10,Beta-Binomial-14,3388.4,391.2,111.2,75.4,0,33.8,0.0
11,Beta-Binomial-14,3202.6,500.4,146.2,104.0,0,46.8,0.0
12,Beta-Binomial-14,2958.4,636.8,199.0,140.4,0,65.4,0.0
13,Beta-Binomial-14,2655.0,806.6,263.4,184.8,0,90.2,0.0
14,Beta-Binomial-14,2313.6,989.6,346.4,227.2,0,123.2,0.0
15,Beta-Binomial-14,1944.4,1161.0,437.4,291.4,0,165.8,0.0
16,Beta-Binomial-14,1551.6,1321.8,550.2,361.4,0,215.0,0.0
17,Beta-Binomial-14,1182.2,1437.8,669.2,435.2,0,275.6,0.0
18,Beta-Binomial-14,852.2,1473.6,792.2,528.8,0,353.2,0.0
19,Beta-Binomial-14,581.4,1453.2,909.0,606.8,0,449.6,0.0
20,Beta-Binomial-14,380.4,1352.6,1022.8,689.8,8.6,545.8,0.0027978398074045155
21,Beta-Binomial-14,231.4,1236.0,1097.0,752.2,17.2,666.2,0.0055440948942754005
22,Beta-Binomial-14,129.4,1085.8,1153.6,810.4,25.4,795.4,0.008259625390218522
23,Beta-Binomial-14,70.2,935.2,1196.6,843.2,32.6,922.2,0.010839207341401784
24,Beta-Binomial-14,33.8,794.0,1207.2,854.2,38.8,1072.0,0.0134061225900076
25,Beta-Binomial-14,17.2,659.0,1216.8,857.8,45.8,1203.4,0.016478376628049216
26,Beta-Binomial-14,11.0,536.6,1202.2,849.0,52.4,1348.8,0.019846981289296264
27,Beta-Binomial-14,8.6,451.0,1169.0,823.8,57.6,1490.0,0.023027104821300073
28,Beta-Binomial-14,7.6,369.4,1129.4,797.6,63.8,1632.2,0.027031607490890598
29,Beta-Binomial-14,8.6,299.8,1088.0,766.4,69.0,1768.2,0.031036344008636203
30,Beta-Binomial-14,10.2,242.8,1039.6,743.2,74.2,1890.0,0.03533669873321269
31,Beta-Binomial-14,11.4,203.8,986.8,707.2,77.8,2013.0,0.03938044138489573
32,Beta-Binomial-14,9.2,169.4,934.2,680.0,81.6,2125.6,0.043748659661162335
33,Beta-Binomial-14,11.4,140.6,883.0,647.8,86.8,2230.4,0.04936867250597202
34,Beta-Binomial-14,14.0,124.4,821.2,612.6,89.6,2338.2,0.05437553101104503
35,Beta-Binomial-14,16.6,107.4,768.0,583.8,92.8,2431.4,0.0597938144329897
36,Beta-Binomial-14,14.4,100.0,711.4,546.2,94.8,2533.2,0.06527127513081796
37,Beta-Binomial-14,17.2,89.4,665.6,516.2,97.4,2614.2,0.07116761654245214
38,Beta-Binomial-14,18.4,84.0,615.0,487.4,99.6,2695.6,0.07744945567651633
39,Beta-Binomial-14,22.2,80.0,566.8,457.0,101.0,2773.0,0.08383134130146083
40,Beta-Binomial-14,26.8,73.0,515.0,435.4,118.8,2831.0,0.10400980563824198
41,Beta-Binomial-14,26.4,77.2,461.8,413.2,132.6,2888.8,0.12223451327433628
42,Beta-Binomial-14,32.2,74.2,417.4,389.4,146.6,2940.2,0.1426625145971195
43,Beta-Binomial-14,36.8,71.0,376.2,364.2,158.4,2993.4,0.16333264590637245
44,Beta-Binomial-14,42.0,69.2,337.8,341.2,168.6,3041.2,0.18390052356020942
45,Beta-Binomial-14,44.4,69.2,300.4,321.8,180.4,3083.8,0.20692819454003214
46,Beta-Binomial-14,48.0,70.8,265.6,300.6,190.8,3124.2,0.23049045663203674
47,Beta-Binomial-14,52.0,67.6,233.6,280.6,201.2,3165.0,0.2569604086845466
48,Beta-Binomial-14,58.6,67.0,202.6,265.0,209.6,3197.2,0.2816447191615157
49,Beta-Binomial-14,62.2,62.8,181.2,247.2,215.6,3231.0,0.3050367855121675
50,Beta-Binomial-14,66.4,61.4,155.0,234.8,228.4,3254.0,0.3360800470865215
51,Beta-Binomial-14,72.8,59.6,133.8,218.2,232.6,3283.0,0.3610679913070475
52,Beta-Binomial-14,78.8,56.6,111.8,209.8,238.0,3305.0,0.3862382343395001
53,Beta-Binomial-14,87.0,53.0,89.0,196.8,244.4,3329.8,0.41906721536351166
54,Beta-Binomial-14,95.4,55.2,71.4,181.6,246.2,3350.2,0.4440836940836941
55,Beta-Binomial-14,104.2,53.6,58.6,167.4,246.8,3369.4,0.46884498480243153
56,Beta-Binomial-14,113.4,52.4,45.6,153.8,251.2,3383.6,0.499403578528827
57,Beta-Binomial-14,123.6,51.4,34.8,141.0,251.4,3397.8,0.5252820727120768
58,Beta-Binomial-14,134.4,47.6,22.4,132.2,254.6,3408.8,0.5573555166374782
59,Beta-Binomial-14,147.8,43.6,16.4,123.4,254.6,3414.2,0.5812785388127854
60,Beta-Binomial-14,160.2,38.2,10.0,100.2,263.6,3427.8,0.6398058252427185
61,Beta-Binomial-14,174.6,31.8,4.8,88.2,262.8,3437.8,0.6780185758513931
62,Beta-Binomial-14,188.4,26.2,5.2,78.0,257.2,3445.0,0.7015821058374249
63,Beta-Binomial-14,201.6,25.2,3.0,68.6,248.8,3452.8,0.7199074074074074
64,Beta-Binomial-14,219.0,23.0,1.8,61.0,237.6,3457.6,0.7346938775510204
65,Beta-Binomial-14,231.6,22.2,2.8,56.2,222.2,3465.0,0.7323665128543178
66,Beta-Binomial-14,250.2,19.6,2.8,54.2,209.4,3463.8,0.7321678321678322
67,Beta-Binomial-14,265.4,16.8,2.4,53.4,196.0,3466.0,0.7297096053611317
68,Beta-Binomial-14,282.8,16.8,2.8,48.2,183.0,3466.4,0.7296650717703349
69,Beta-Binomial-14,297.8,15.8,2.0,45.8,172.8,3465.8,0.7309644670050762
70,Beta-Binomial-14,309.6,15.0,1.4,43.6,164.0,3466.4,0.7321428571428571
71,Beta-Binomial-14,322.8,14.6,3.0,41.2,153.6,3464.8,0.7231638418079096
72,Beta-Binomial-14,340.4,13.2,2.4,39.2,147.2,3457.6,0.7287128712871287
73,Beta-Binomial-14,357.6,13.2,1.8,36.4,138.8,3452.2,0.729758149316509
74,Beta-Binomial-14,378.0,11.8,2.8,34.8,132.6,3440.0,0.7285714285714285
75,Beta-Binomial-14,395.2,12.8,2.8,32.2,124.4,3432.6,0.7224157955865272
76,Beta-Binomial-14,410.8,12.0,2.4,30.6,118.6,3425.6,0.7249388753056235
77,Beta-Binomial-14,426.4,11.6,2.6,29.6,110.2,3419.6,0.7155844155844157
78,Beta-Binomial-14,441.6,11.4,3.6,28.2,104.4,3410.8,0.7073170731707317
79,Beta-Binomial-14,455.8,11.8,3.2,26.4,100.2,3402.6,0.7076271186440678
80,Beta-Binomial-14,473.6,11.8,3.0,25.2,96.4,3390.0,0.7067448680351907
81,Beta-Binomial-14,493.2,11.6,3.0,25.0,92.2,3375.0,0.6995447647951442
82,Beta-Binomial-14,506.2,11.2,3.0,23.4,88.0,3368.2,0.7006369426751593
83,Beta-Binomial-14,521.0,11.8,2.8,21.6,85.2,3357.6,0.7018121911037891
84,Beta-Binomial-14,537.0,9.2,3.2,20.4,83.8,3346.4,0.7186963979416809
85,Beta-Binomial-14,553.4,8.4,2.6,18.4,82.4,3334.8,0.737030411449016
86,Beta-Binomial-14,569.4,8.8,1.0,18.4,79.0,3323.4,0.7369402985074627
87,Beta-Binomial-14,586.2,8.0,2.0,17.4,75.0,3311.4,0.732421875
88,Beta-Binomial-14,602.8,7.6,1.4,16.8,71.0,3300.4,0.7334710743801653
89,Beta-Binomial-14,615.0,8.4,1.0,14.8,67.8,3293.0,0.7369565217391304
90,Beta-Binomial-14,631.6,7.8,0.6,15.2,65.2,3279.6,0.7342342342342342
91,Beta-Binomial-14,647.4,6.6,1.0,14.2,61.0,3269.8,0.7367149758454107
92,Beta-Binomial-14,663.2,8.2,0.2,13.2,59.2,3256.0,0.7326732673267328
93,Beta-Binomial-14,681.4,6.6,1.4,13.2,55.8,3241.6,0.7246753246753246
94,Beta-Binomial-14,694.4,6.6,0.6,12.2,52.6,3233.6,0.7305555555555556
95,Beta-Binomial-14,710.6,6.2,1.2,12.0,50.0,3220.0,0.7204610951008645
96,Beta-Binomial-14,726.2,5.8,1.0,11.8,48.4,3206.8,0.7223880597014926
97,Beta-Binomial-14,741.2,5.8,0.8,11.6,46.4,3194.2,0.7182662538699691
98,Beta-Binomial-14,755.4,6.2,1.0,10.6,44.6,3182.2,0.7147435897435896
99,Beta-Binomial-14,772.6,7.4,0.8,10.2,41.8,3167.2,0.6943521594684385
100,Beta-Binomial-14,788.0,6.8,1.2,10.0,39.8,3154.2,0.6885813148788927
101,Beta-Binomial-14,804.0,7.2,0.8,9.8,38.4,3139.8,0.6832740213523131
102,Beta-Binomial-14,822.0,7.0,0.8,9.4,36.2,3124.6,0.6779026217228464
103,Beta-Binomial-14,835.4,7.8,0.6,10.0,34.0,3112.2,0.648854961832061
104,Beta-Binomial-14,850.4,8.2,0.8,11.2,32.2,3097.2,0.6145038167938931
105,Beta-Binomial-14,865.6,7.6,2.0,10.6,31.4,3082.8,0.6085271317829458
106,Beta-Binomial-14,879.6,7.2,1.4,10.6,31.8,3069.4,0.6235294117647059
107,Beta-Binomial-14,892.8,8.6,0.8,10.4,31.4,3056.0,0.6132812499999999
108,Beta-Binomial-14,911.2,9.0,1.6,9.8,30.2,3038.2,0.5968379446640317
109,Beta-Binomial-14,927.0,8.4,1.8,10.0,28.8,3024.0,0.5877551020408164
110,Beta-Binomial-14,942.2,8.6,2.2,10.2,27.8,3009.0,0.569672131147541
111,Beta-Binomial-14,959.6,8.2,1.6,10.0,27.8,2992.8,0.5840336134453782
112,Beta-Binomial-14,973.0,8.8,1.4,10.2,27.8,2978.8,0.5767634854771784
113,Beta-Binomial-14,986.8,10.0,2.0,9.6,26.6,2965.0,0.5518672199170125
114,Beta-Binomial-14,1002.6,10.2,1.6,9.4,26.6,2949.6,0.5564853556485356
115,Beta-Binomial-14,1018.6,9.0,1.8,9.6,26.4,2934.6,0.5641025641025641
116,Beta-Binomial-14,1031.4,9.0,2.0,8.8,25.6,2923.2,0.5638766519823788
117,Beta-Binomial-14,1045.4,8.6,1.4,9.2,26.4,2909.0,0.5789473684210527
118,Beta-Binomial-14,1060.0,9.8,1.0,8.4,26.6,2894.2,0.5807860262008734
119,Beta-Binomial-14,1073.4,9.6,0.8,9.0,25.8,2881.4,0.5707964601769911
120,Beta-Binomial-14,1083.6,9.8,0.8,8.2,24.2,2873.4,0.5627906976744186
121,Beta-Binomial-14,1095.6,10.2,0.2,8.2,24.0,2861.8,0.5633802816901409
122,Beta-Binomial-14,1110.8,10.4,0.8,8.2,22.8,2847.0,0.5402843601895735
123,Beta-Binomial-14,1125.4,9.2,1.8,7.8,22.4,2833.4,0.5436893203883495
124,Beta-Binomial-14,1139.6,8.8,1.2,6.6,22.8,2821.0,0.5786802030456852
125,Beta-Binomial-14,1153.0,7.6,1.6,7.0,22.6,2808.2,0.5824742268041238
126,Beta-Binomial-14,1168.4,7.6,1.6,6.6,23.2,2792.6,0.5948717948717949
127,Beta-Binomial-14,1182.0,6.8,0.8,7.4,23.0,2780.0,0.6052631578947368
128,Beta-Binomial-14,1199.0,7.0,0.4,7.6,22.2,2763.8,0.596774193548387
129,Beta-Binomial-14,1209.6,9.2,0.4,7.4,21.6,2751.8,0.5595854922279793
130,Beta-Binomial-14,1223.0,8.8,1.4,7.4,20.8,2738.6,0.5416666666666666
131,Beta-Binomial-14,1239.0,9.4,0.8,7.2,20.4,2723.2,0.5396825396825397
132,Beta-Binomial-14,1251.2,8.8,2.0,7.4,19.4,2711.2,0.5159574468085106
133,Beta-Binomial-14,1260.2,9.8,1.4,7.2,20.2,2701.2,0.5233160621761658
134,Beta-Binomial-14,1272.2,10.0,1.8,7.2,19.6,2689.2,0.5077720207253886
135,Beta-Binomial-14,1284.6,10.6,1.0,7.0,20.2,2676.6,0.520618556701031
136,Beta-Binomial-14,1299.0,10.2,2.0,7.0,20.4,2661.4,0.5151515151515151
137,Beta-Binomial-14,1313.4,10.6,1.4,7.6,21.2,2645.8,0.5196078431372549
138,Beta-Binomial-14,1323.0,11.6,1.0,6.4,21.4,2636.6,0.5297029702970297
139,Beta-Binomial-14,1336.0,11.2,1.8,6.4,21.0,2623.6,0.5198019801980198
140,Beta-Binomial-14,1349.0,10.8,1.6,6.0,22.4,2610.2,0.5490196078431373
141,Beta-Binomial-14,1361.0,10.4,2.2,6.6,21.8,2598.0,0.5317073170731708
142,Beta-Binomial-14,1373.0,10.8,1.2,6.6,22.2,2586.2,0.5441176470588236
143,Beta-Binomial-14,1386.8,11.2,2.2,6.2,21.0,2572.6,0.5172413793103449
144,Beta-Binomial-14,1396.4,11.2,1.8,6.2,22.0,2562.4,0.5339805825242718
145,Beta-Binomial-14,1409.0,11.6,2.4,5.8,22.2,2549.0,0.5285714285714286
146,Beta-Binomial-14,1421.4,10.4,1.4,5.4,23.6,2537.8,0.5784313725490196
147,Beta-Binomial-14,1432.4,9.8,1.4,5.2,23.4,2527.8,0.5879396984924623
148,Beta-Binomial-14,1445.4,8.6,2.0,5.4,23.6,2515.0,0.595959595959596
149,Beta-Binomial-14,1457.6,8.6,1.8,6.6,23.0,2502.4,0.575
0,Gamma-Poisson-14,3977.2,12.8,9.6,0,0,0.4,0.0
1,Gamma-Poisson-14,3963.4,24.8,9.4,0.8,0,1.6,0.0
2,Gamma-Poisson-14,3950.6,33.2,10.8,2.8,0,2.6,0.0
3,Gamma-Poisson-14,3931.0,49.8,12.2,3.8,0,3.2,0.0
4,Gamma-Poisson-14,3910.8,59.2,19.0,6.8,0,4.2,0.0
5,Gamma-Poisson-14,3876.4,83.4,25.0,9.4,0,5.8,0.0
6,Gamma-Poisson-14,3835.4,105.6,32.8,17.6,0,8.6,0.0
7,Gamma-Poisson-14,3770.2,145.6,44.8,26.8,0,12.6,0.0
8,Gamma-Poisson-14,3684.4,201.0,60.2,37.8,0,16.6,0.0
9,Gamma-Poisson-14,3565.4,282.8,76.4,50.0,0,25.4,0.0
10,Gamma-Poisson-14,3417.0,376.8,104.0,68.4,0,33.8,0.0
11,Gamma-Poisson-14,3230.2,494.4,138.6,90.0,0,46.8,0.0
12,Gamma-Poisson-14,3000.6,625.4,186.8,127.4,0,59.8,0.0
13,Gamma-Poisson-14,2720.2,778.6,248.6,172.6,0,80.0,0.0
14,Gamma-Poisson-14,2379.6,964.4,318.2,227.0,0,110.8,0.0
15,Gamma-Poisson-14,2016.2,1129.8,413.6,295.0,0,145.4,0.0
16,Gamma-Poisson-14,1619.2,1310.6,511.2,364.0,0,195.0,0.0
17,Gamma-Poisson-14,1223.0,1448.6,625.8,442.4,0,260.2,0.0
18,Gamma-Poisson-14,882.0,1493.4,760.6,531.6,0,332.4,0.0
19,Gamma-Poisson-14,606.2,1476.0,882.4,613.2,0,422.2,0.0
20,Gamma-Poisson-14,392.2,1394.6,992.2,692.0,9.2,519.8,0.0029792746113989636
21,Gamma-Poisson-14,243.4,1268.8,1078.4,748.0,17.8,643.6,0.005717956954706072
22,Gamma-Poisson-14,139.4,1121.8,1134.8,795.6,27.0,781.4,0.00876851130163679
23,Gamma-Poisson-14,81.8,965.0,1172.2,834.0,33.0,914.0,0.010984621529858199
24,Gamma-Poisson-14,41.6,813.2,1203.0,851.6,40.0,1050.6,0.013756104271270376
25,Gamma-Poisson-14,23.2,678.2,1202.2,858.8,47.0,1190.6,0.016868853635776327
26,Gamma-Poisson-14,13.8,565.0,1185.4,849.8,53.0,1333.0,0.01997587818483341
27,Gamma-Poisson-14,8.2,467.6,1155.0,834.4,58.2,1476.6,0.02313931297709924
28,Gamma-Poisson-14,9.6,384.4,1126.0,810.6,62.6,1606.8,0.026262795771102534
29,Gamma-Poisson-14,9.6,315.6,1084.8,782.0,67.0,1741.0,0.029785720636614207
30,Gamma-Poisson-14,11.4,262.2,1041.4,753.4,71.4,1860.2,0.03354632587859425
31,Gamma-Poisson-14,12.6,217.4,990.4,722.2,75.4,1982.0,0.03759848409294904
32,Gamma-Poisson-14,13.2,184.2,936.6,685.6,78.0,2102.4,0.04139248567183188
33,Gamma-Poisson-14,16.0,159.8,890.0,643.4,80.8,2210.0,0.0455467869222097
34,Gamma-Poisson-14,16.6,138.0,837.4,608.0,84.6,2315.4,0.05071942446043165
35,Gamma-Poisson-14,15.8,123.0,790.0,574.0,87.8,2409.4,0.05575311150622301
36,Gamma-Poisson-14,16.0,108.8,748.0,539.4,88.4,2499.4,0.05954465849387041
37,Gamma-Poisson-14,21.8,100.8,696.6,506.0,90.4,2584.4,0.06485865977902137
38,Gamma-Poisson-14,21.6,97.0,650.4,476.6,87.6,2666.8,0.06678865507776761
39,Gamma-Poisson-14,26.6,89.0,608.2,452.8,86.2,2737.2,0.0697298171816858
40,Gamma-Poisson-14,24.8,83.8,568.8,428.0,94.0,2800.6,0.08002724331687383
41,Gamma-Poisson-14,29.6,77.8,537.4,392.2,102.2,2860.8,0.09210526315789475
42,Gamma-Poisson-14,32.6,72.2,505.2,358.6,108.4,2923.0,0.10379165070854078
43,Gamma-Poisson-14,37.0,66.8,471.8,332.2,111.4,2980.8,0.11341885563021789
44,Gamma-Poisson-14,39.8,62.6,450.0,308.6,113.4,3025.6,0.1213353306227263
45,Gamma-Poisson-14,43.0,61.0,426.6,286.6,111.4,3071.4,0.12579042457091238
46,Gamma-Poisson-14,43.0,62.2,400.0,271.2,107.4,3116.2,0.12773549000951476
47,Gamma-Poisson-14,49.4,57.4,377.4,256.0,102.2,3157.6,0.12887767969735184
48,Gamma-Poisson-14,46.8,61.2,358.6,239.0,93.4,3201.0,0.12416910396171232
49,Gamma-Poisson-14,51.2,60.6,343.8,228.0,90.0,3226.4,0.1245847176079734
50,Gamma-Poisson-14,58.0,58.4,328.2,218.8,88.6,3248.0,0.1276657060518732
51,Gamma-Poisson-14,58.6,59.2,310.4,210.2,84.6,3277.0,0.12733293196869355
52,Gamma-Poisson-14,64.4,55.8,295.4,200.2,81.4,3302.8,0.12863463969658662
53,Gamma-Poisson-14,69.8,57.6,283.6,189.8,78.6,3320.6,0.12893700787401574
54,Gamma-Poisson-14,78.4,53.8,267.8,180.8,73.6,3345.6,0.12777777777777777
55,Gamma-Poisson-14,80.2,56.2,257.6,169.4,69.2,3367.4,0.12527154236060825
56,Gamma-Poisson-14,85.0,54.6,241.6,166.4,65.4,3387.0,0.12386363636363637
57,Gamma-Poisson-14,89.8,54.2,227.6,158.4,62.6,3407.4,0.124502784407319
58,Gamma-Poisson-14,97.0,55.4,219.4,153.2,59.8,3415.2,0.12259122591225911
59,Gamma-Poisson-14,101.2,56.8,208.4,146.2,56.2,3431.2,0.12018819503849446
60,Gamma-Poisson-14,113.0,55.2,199.8,141.8,52.0,3438.2,0.11586452762923351
61,Gamma-Poisson-14,121.4,52.4,194.6,136.2,50.2,3445.2,0.11582833410244579
62,Gamma-Poisson-14,122.6,54.6,190.2,129.6,47.8,3455.2,0.11321648507816201
63,Gamma-Poisson-14,129.4,54.8,180.0,124.8,49.0,3462.0,0.11992168379833577
64,Gamma-Poisson-14,135.6,56.2,172.0,118.4,49.4,3468.4,0.12474747474747475
65,Gamma-Poisson-14,140.4,57.4,165.2,112.8,47.6,3476.6,0.12428198433420366
66,Gamma-Poisson-14,139.6,57.8,159.4,108.2,46.2,3488.8,0.12432723358449949
67,Gamma-Poisson-14,147.4,54.0,154.0,105.4,45.6,3493.6,0.12701949860724235
68,Gamma-Poisson-14,156.4,51.4,151.4,101.0,42.6,3497.2,0.12297921478060045
69,Gamma-Poisson-14,167.6,48.8,148.6,98.0,39.8,3497.2,0.11873508353221957
70,Gamma-Poisson-14,172.2,50.6,142.8,96.2,39.2,3499.0,0.11922141119221412
71,Gamma-Poisson-14,181.6,51.0,136.0,95.0,38.8,3497.6,0.12094763092269326
72,Gamma-Poisson-14,188.4,50.4,133.2,94.0,38.2,3495.8,0.12096263457884737
73,Gamma-Poisson-14,197.2,47.8,130.0,92.0,38.6,3494.4,0.1251621271076524
74,Gamma-Poisson-14,204.0,51.6,125.6,89.0,37.8,3492.0,0.12434210526315788
75,Gamma-Poisson-14,213.8,50.0,123.6,86.6,36.2,3489.8,0.1221322537112011
76,Gamma-Poisson-14,220.6,48.6,121.0,87.4,36.6,3485.8,0.12465940054495912
77,Gamma-Poisson-14,226.0,49.8,115.8,86.4,37.0,3485.0,0.12802768166089964
78,Gamma-Poisson-14,235.4,52.0,111.0,86.4,36.0,3479.2,0.12613875262789068
79,Gamma-Poisson-14,245.2,51.0,107.8,82.6,34.2,3479.2,0.12409288824383163
80,Gamma-Poisson-14,248.2,55.4,104.4,80.4,33.4,3478.2,0.12207602339181285
81,Gamma-Poisson-14,252.8,57.4,103.6,77.6,32.6,3476.0,0.12020648967551624
82,Gamma-Poisson-14,259.4,54.2,102.6,76.2,33.4,3474.2,0.12537537537537538
83,Gamma-Poisson-14,267.2,57.4,101.2,76.8,32.0,3465.4,0.11967090501121916
84,Gamma-Poisson-14,271.6,58.4,101.4,75.4,32.0,3461.2,0.11976047904191615
85,Gamma-Poisson-14,278.2,58.0,102.0,73.6,31.8,3456.4,0.119819140919367
86,Gamma-Poisson-14,283.6,58.0,103.8,75.2,30.4,3449.0,0.11368735976065819
87,Gamma-Poisson-14,287.0,62.0,102.2,73.4,28.2,3447.2,0.10609480812641083
88,Gamma-Poisson-14,291.8,54.0,102.4,73.8,28.2,3449.8,0.10913312693498453
89,Gamma-Poisson-14,296.0,53.6,100.6,71.8,27.8,3450.2,0.10953506698187548
90,Gamma-Poisson-14,301.8,57.2,98.2,72.6,27.4,3442.8,0.10728269381362568
91,Gamma-Poisson-14,308.2,60.6,98.8,71.6,26.8,3434.0,0.10395655546935609
92,Gamma-Poisson-14,315.6,63.2,97.0,70.8,26.2,3427.2,0.10186625194401244
93,Gamma-Poisson-14,323.0,62.6,98.2,70.8,27.0,3418.4,0.10440835266821345
94,Gamma-Poisson-14,329.6,60.6,99.6,70.8,26.2,3413.2,0.10186625194401244
95,Gamma-Poisson-14,333.2,58.6,100.4,70.2,26.0,3411.6,0.10188087774294671
96,Gamma-Poisson-14,340.2,60.2,99.0,71.0,26.0,3403.6,0.1014832162373146
97,Gamma-Poisson-14,340.6,60.4,102.4,68.2,25.6,3402.8,0.09976617303195635
98,Gamma-Poisson-14,345.8,65.4,99.8,68.4,23.4,3397.2,0.09105058365758754
99,Gamma-Poisson-14,349.6,65.8,99.2,68.0,23.6,3393.8,0.09197194076383476
100,Gamma-Poisson-14,353.8,67.8,98.8,70.0,23.2,3386.4,0.08929946112394149
101,Gamma-Poisson-14,358.0,69.8,98.6,70.2,23.0,3380.4,0.0879204892966361
102,Gamma-Poisson-14,364.2,67.6,102.6,71.8,22.6,3371.2,0.0854119425547997
103,Gamma-Poisson-14,359.8,68.0,104.8,73.0,23.6,3370.8,0.08760207869339272
104,Gamma-Poisson-14,354.2,69.4,104.6,75.8,23.4,3372.6,0.08565153733528551
105,Gamma-Poisson-14,356.4,70.0,104.0,75.4,23.4,3370.8,0.08577712609970674
106,Gamma-Poisson-14,363.6,71.2,102.4,74.2,24.8,3363.8,0.09097578870139397
107,Gamma-Poisson-14,364.2,74.2,103.0,74.8,24.0,3359.8,0.08695652173913043
108,Gamma-Poisson-14,366.8,78.8,103.2,71.6,25.2,3354.4,0.0903873744619799
109,Gamma-Poisson-14,367.8,81.6,99.6,74.2,26.2,3350.6,0.09303977272727273
110,Gamma-Poisson-14,369.6,81.2,102.2,75.4,25.2,3346.4,0.08873239436619718
111,Gamma-Poisson-14,375.4,80.4,102.8,75.0,25.0,3341.4,0.0882768361581921
112,Gamma-Poisson-14,377.8,83.4,99.4,75.4,25.0,3339.0,0.08827683615819208
113,Gamma-Poisson-14,380.6,77.2,103.0,78.6,24.0,3336.6,0.08486562942008488
114,Gamma-Poisson-14,390.0,74.0,105.0,78.6,24.6,3327.8,0.08717221828490432
115,Gamma-Poisson-14,392.4,79.2,103.2,76.0,25.6,3323.6,0.09014084507042254
116,Gamma-Poisson-14,393.2,78.0,104.2,77.8,25.8,3321.0,0.09027291812456263
117,Gamma-Poisson-14,391.2,83.4,106.0,76.0,26.6,3316.8,0.0910958904109589
118,Gamma-Poisson-14,391.4,82.2,104.0,80.6,26.2,3315.6,0.08941979522184301
119,Gamma-Poisson-14,392.6,81.4,107.0,78.4,25.6,3315.0,0.08755129958960328
120,Gamma-Poisson-14,397.8,81.8,108.8,77.8,24.8,3309.0,0.08458390177353343
121,Gamma-Poisson-14,397.4,83.4,110.6,78.0,24.2,3306.4,0.08170155300472653
122,Gamma-Poisson-14,396.8,83.2,112.6,77.4,22.6,3307.4,0.07640297498309667
123,Gamma-Poisson-14,397.4,86.6,110.0,80.0,23.0,3303.0,0.0767690253671562
124,Gamma-Poisson-14,397.2,85.6,112.8,81.4,22.2,3300.8,0.07350993377483445
125,Gamma-Poisson-14,400.0,87.0,112.8,82.0,24.0,3294.2,0.07848266841072596
126,Gamma-Poisson-14,398.2,87.8,116.8,83.4,23.8,3290.0,0.07633098139833226
127,Gamma-Poisson-14,399.8,86.6,119.8,84.0,24.2,3285.6,0.07692307692307693
128,Gamma-Poisson-14,397.6,88.0,116.4,86.6,27.0,3284.4,0.08490566037735849
129,Gamma-Poisson-14,398.0,87.2,118.2,83.6,26.2,3286.8,0.08312182741116751
130,Gamma-Poisson-14,394.4,92.4,120.6,84.6,26.2,3281.8,0.08091414453366275
131,Gamma-Poisson-14,389.4,94.6,124.6,87.0,26.0,3278.4,0.07826610475617099
132,Gamma-Poisson-14,383.2,94.8,130.2,86.4,26.4,3279.0,0.07815275310834814
133,Gamma-Poisson-14,378.4,94.6,130.2,86.8,26.6,3283.4,0.07865168539325844
134,Gamma-Poisson-14,378.6,93.6,130.8,86.2,26.8,3284.0,0.07943094250148192
135,Gamma-Poisson-14,373.8,94.2,129.0,88.2,27.6,3287.2,0.08141592920353982
136,Gamma-Poisson-14,372.8,94.8,127.8,87.8,29.6,3287.2,0.08705882352941177
137,Gamma-Poisson-14,370.2,95.0,129.4,87.4,30.2,3287.8,0.08830409356725145
138,Gamma-Poisson-14,367.8,96.2,129.8,87.2,32.4,3286.6,0.09375
139,Gamma-Poisson-14,366.8,95.2,131.6,86.6,31.0,3288.8,0.09001161440185831
140,Gamma-Poisson-14,367.6,95.2,132.0,88.0,30.2,3287.0,0.08743485813549508
141,Gamma-Poisson-14,366.6,92.2,135.6,88.2,30.6,3286.8,0.0882862088863243
142,Gamma-Poisson-14,370.2,86.4,142.8,90.2,30.0,3280.4,0.08586147681740125
143,Gamma-Poisson-14,370.8,88.8,140.0,91.0,29.0,3280.4,0.08314220183486239
144,Gamma-Poisson-14,369.6,88.8,137.8,91.2,28.8,3283.8,0.08309290248124639
145,Gamma-Poisson-14,367.6,91.2,138.0,90.6,27.6,3285.0,0.07944732297063904
146,Gamma-Poisson-14,366.6,92.8,137.2,93.2,28.0,3282.2,0.07972665148063782
147,Gamma-Poisson-14,360.6,99.0,136.0,95.0,26.8,3282.6,0.07511210762331838
148,Gamma-Poisson-14,360.6,97.6,138.8,96.2,27.2,3279.6,0.07559755419677598
149,Gamma-Poisson-14,356.0,100.4,139.8,95.0,28.0,3280.8,0.07709251101321585
0,Proportional,3975.6,14.4,10.0,0,0,0,0.0
1,Proportional,3961.0,26.2,11.6,0.8,0,0.4,0.0
2,Proportional,3945.0,37.0,12.6,3.4,0,2.0,0.0
3,Proportional,3924.2,51.4,15.8,5.0,0,3.6,0.0
4,Proportional,3896.6,68.0,19.2,11.6,0,4.6,0.0
5,Proportional,3856.2,94.6,26.0,16.6,0,6.6,0.0
6,Proportional,3797.2,135.0,36.4,23.4,0,8.0,0.0
7,Proportional,3722.0,179.4,52.6,33.4,0,12.6,0.0
8,Proportional,3611.2,253.0,73.4,43.8,0,18.6,0.0
9,Proportional,3468.4,347.2,98.2,60.0,0,26.2,0.0
10,Proportional,3299.4,448.0,130.8,83.4,0,38.4,0.0
11,Proportional,3077.6,581.6,173.6,111.8,0,55.4,0.0
12,Proportional,2804.0,733.2,232.8,155.0,0,75.0,0.0
13,Proportional,2479.4,915.8,305.6,198.6,0,100.6,0.0
14,Proportional,2103.4,1113.6,396.6,252.0,0,134.4,0.0
15,Proportional,1709.6,1287.8,490.6,328.0,0,184.0,0.0
16,Proportional,1322.8,1428.2,605.2,401.2,0,242.6,0.0
17,Proportional,964.0,1500.4,735.2,485.4,0,315.0,0.0
18,Proportional,673.4,1498.2,865.0,562.2,0,401.2,0.0
19,Proportional,436.4,1438.0,988.8,636.6,0,500.2,0.0
20,Proportional,260.2,1330.6,1079.4,704.4,9.8,615.6,0.003136803021573523
21,Proportional,153.2,1170.0,1163.0,756.6,19.4,737.8,0.006239948536506915
22,Proportional,84.6,1004.8,1210.2,800.0,28.2,872.2,0.009266561514195583
23,Proportional,44.2,852.0,1233.6,820.4,35.4,1014.4,0.012035085333514653
24,Proportional,23.2,704.0,1240.8,835.0,42.4,1154.6,0.01502374034441216
25,Proportional,12.6,585.0,1228.4,828.2,48.4,1297.4,0.017992565055762078
26,Proportional,8.2,482.0,1206.2,815.8,53.4,1434.4,0.020880581840932194
27,Proportional,7.6,390.2,1169.0,803.4,59.2,1570.6,0.024444627962672397
28,Proportional,11.0,317.4,1125.4,770.2,65.0,1711.0,0.028533801580333626
29,Proportional,9.2,262.0,1076.2,745.4,69.6,1837.6,0.032323982909158465
30,Proportional,11.2,217.4,1026.6,713.4,75.8,1955.6,0.03728113318906157
31,Proportional,14.0,185.2,968.8,679.2,78.0,2074.8,0.04081205525324404
32,Proportional,14.8,160.6,911.8,647.2,81.2,2184.4,0.04509107063527321
33,Proportional,16.8,145.6,853.6,611.6,83.8,2288.6,0.04945119792281364
34,Proportional,17.6,127.4,801.8,583.2,87.8,2382.2,0.054868141482314704
35,Proportional,18.0,113.8,754.4,549.0,91.0,2473.8,0.060336825354727494
36,Proportional,17.4,104.4,705.0,521.6,94.4,2557.2,0.06622702399326505
37,Proportional,21.4,93.6,656.8,495.8,97.8,2634.6,0.07276785714285713
38,Proportional,22.6,89.6,615.6,464.2,99.8,2708.2,0.07863220926567917
39,Proportional,25.8,83.4,568.6,441.8,101.8,2778.6,0.08514553362328538
40,Proportional,25.6,78.6,518.2,414.8,118.0,2844.8,0.10446175637393766
41,Proportional,30.6,73.8,468.0,391.6,131.4,2904.6,0.12340345604808416
42,Proportional,32.4,72.8,418.6,372.2,145.4,2958.6,0.14410307234886027
43,Proportional,36.4,71.8,372.2,350.8,158.2,3010.6,0.16600209863588666
44,Proportional,39.2,67.4,327.8,333.6,170.4,3061.6,0.1895017793594306
45,Proportional,45.6,64.6,290.6,315.6,179.2,3104.4,0.2108235294117647
46,Proportional,48.2,64.4,254.8,293.6,191.6,3147.4,0.23818995524614617
47,Proportional,49.0,67.8,219.8,278.2,201.6,3183.6,0.2627052384675528
48,Proportional,56.8,66.8,190.4,259.6,210.2,3216.2,0.2891334250343879
49,Proportional,61.6,65.8,161.2,246.4,220.8,3244.2,0.3180639585133967
50,Proportional,69.4,62.4,134.4,231.6,228.8,3273.4,0.34814363968350576
51,Proportional,78.8,60.2,111.2,214.6,238.0,3297.2,0.3814102564102564
52,Proportional,88.2,56.8,87.8,205.6,245.8,3315.8,0.41241610738255036
53,Proportional,94.0,55.2,67.2,196.2,257.0,3330.4,0.44649061848505905
54,Proportional,105.0,54.0,48.6,185.8,262.8,3343.8,0.47677793904209
55,Proportional,119.0,48.0,34.6,174.4,264.2,3359.8,0.5069071373752877
56,Proportional,129.2,43.4,19.8,166.8,266.2,3374.6,0.5364772269246272
57,Proportional,136.4,42.4,9.4,157.4,263.4,3391.0,0.5573423614049936
58,Proportional,146.2,36.0,10.4,141.6,261.2,3404.6,0.5814781834372217
59,Proportional,158.0,32.6,5.6,132.4,255.8,3415.6,0.599906191369606
60,Proportional,169.8,28.4,4.2,115.8,255.6,3426.2,0.6326732673267327
61,Proportional,181.6,27.0,4.2,102.4,252.8,3432.0,0.6542443064182195
62,Proportional,194.8,25.8,3.0,94.4,240.8,3441.2,0.6615384615384615
63,Proportional,208.4,25.2,2.2,90.0,229.8,3444.4,0.6618663594470046
64,Proportional,223.4,26.2,2.4,83.6,221.4,3443.0,0.6636690647482014
65,Proportional,238.6,23.6,3.4,79.4,211.4,3443.6,0.6651982378854625
66,Proportional,251.8,21.6,3.2,77.8,202.4,3443.2,0.6636065573770492
67,Proportional,265.4,19.4,4.4,73.8,192.4,3444.6,0.663448275862069
68,Proportional,278.8,20.6,1.8,68.8,184.8,3445.2,0.6695652173913044
69,Proportional,291.6,20.4,2.8,65.8,172.6,3446.8,0.6597859327217125
70,Proportional,306.2,21.2,2.8,62.6,163.4,3443.8,0.6536000000000001
71,Proportional,325.6,20.6,2.2,58.2,156.8,3436.6,0.6593776282590412
72,Proportional,338.2,20.2,2.6,53.6,147.0,3438.4,0.658012533572068
73,Proportional,352.6,19.4,2.2,51.6,143.6,3430.6,0.6623616236162361
74,Proportional,368.0,19.2,3.0,47.8,135.6,3426.4,0.6595330739299611
75,Proportional,382.6,19.2,2.8,44.2,130.4,3420.8,0.6632756866734486
76,Proportional,393.8,19.0,2.2,40.8,128.0,3416.2,0.6736842105263158
77,Proportional,411.6,20.0,1.6,38.2,122.2,3406.4,0.6714285714285715
78,Proportional,423.6,18.8,3.0,36.4,116.8,3401.4,0.6674285714285714
79,Proportional,438.2,18.6,2.2,37.0,112.0,3392.0,0.6595995288574793
80,Proportional,455.0,19.0,2.4,35.6,108.0,3380.0,0.6545454545454545
81,Proportional,468.0,18.8,2.2,33.0,105.8,3372.2,0.6620775969962452
82,Proportional,484.2,19.4,1.2,31.6,100.6,3363.0,0.6583769633507852
83,Proportional,500.6,19.6,1.6,31.2,96.0,3351.0,0.6469002695417789
84,Proportional,515.8,20.4,1.8,30.0,92.2,3339.8,0.6385041551246537
85,Proportional,528.6,21.4,1.4,29.4,87.6,3331.6,0.6266094420600858
86,Proportional,543.4,18.4,3.8,30.2,82.2,3322.0,0.6106983655274889
87,Proportional,557.8,16.8,1.8,28.6,81.6,3313.4,0.6335403726708073
88,Proportional,575.2,15.8,2.0,27.2,78.8,3301.0,0.6365105008077544
89,Proportional,589.0,16.8,1.4,25.8,75.6,3291.4,0.6321070234113713
90,Proportional,605.4,16.2,0.8,26.2,71.0,3280.4,0.6217162872154115
91,Proportional,620.8,15.2,2.2,25.6,66.2,3270.0,0.6062271062271062
92,Proportional,635.0,15.6,1.2,24.4,65.6,3258.2,0.6142322097378277
93,Proportional,649.0,15.2,1.4,22.6,63.8,3248.0,0.6194174757281553
94,Proportional,662.6,13.2,2.0,23.0,59.8,3239.4,0.610204081632653
95,Proportional,678.0,12.6,2.0,23.2,57.2,3227.0,0.6021052631578948
96,Proportional,692.4,12.2,2.0,22.0,55.2,3216.2,0.6039387308533917
97,Proportional,708.8,11.8,2.0,21.0,53.0,3203.4,0.6036446469248292
98,Proportional,720.8,12.0,1.0,20.6,51.6,3194.0,0.6056338028169014
99,Proportional,738.6,13.4,1.0,20.0,49.6,3177.4,0.5904761904761905
100,Proportional,753.6,12.8,2.0,18.4,48.2,3165.0,0.5921375921375921
101,Proportional,770.0,13.0,1.8,17.8,47.4,3150.0,0.5925
102,Proportional,786.2,13.2,1.6,17.4,46.4,3135.2,0.5903307888040713
103,Proportional,800.4,13.8,1.6,16.2,44.4,3123.6,0.5842105263157894
104,Proportional,817.0,12.4,1.0,15.8,43.2,3110.6,0.5966850828729282
105,Proportional,832.2,11.8,1.8,16.0,41.4,3096.8,0.5830985915492958
106,Proportional,846.0,14.4,0.8,15.6,41.2,3082.0,0.5722222222222223
107,Proportional,861.0,14.6,2.0,14.8,39.6,3068.0,0.5577464788732395
108,Proportional,876.2,14.4,1.6,14.8,39.0,3054.0,0.5587392550143266
109,Proportional,892.2,13.8,1.8,15.0,37.4,3039.8,0.5499999999999999
110,Proportional,908.0,13.0,2.0,14.6,36.2,3026.2,0.5501519756838905
111,Proportional,921.8,11.6,2.0,14.2,36.0,3014.4,0.5642633228840126
112,Proportional,935.6,12.8,1.8,14.6,36.0,2999.2,0.5521472392638036
113,Proportional,951.0,13.0,2.0,13.6,35.4,2985.0,0.553125
114,Proportional,965.2,13.2,1.8,12.0,35.4,2972.4,0.5673076923076923
115,Proportional,979.6,13.6,1.2,12.8,34.2,2958.6,0.5533980582524272
116,Proportional,995.0,14.2,1.2,12.6,34.0,2943.0,0.5483870967741935
117,Proportional,1009.6,13.6,1.6,12.6,33.4,2929.2,0.5457516339869282
118,Proportional,1020.6,13.4,1.6,12.2,33.2,2919.0,0.5496688741721855
119,Proportional,1036.8,14.0,1.4,12.6,32.2,2903.0,0.5348837209302326
120,Proportional,1048.2,13.8,2.0,13.0,30.8,2892.2,0.5167785234899329
121,Proportional,1060.4,14.0,1.6,12.6,30.6,2880.8,0.5204081632653061
122,Proportional,1074.2,13.0,1.4,12.0,30.4,2869.0,0.5352112676056338
123,Proportional,1087.8,13.0,1.0,11.4,30.6,2856.2,0.5464285714285715
124,Proportional,1103.8,12.2,1.2,11.4,30.6,2840.8,0.552346570397112
125,Proportional,1117.2,12.6,1.0,11.8,29.6,2827.8,0.5381818181818182
126,Proportional,1129.8,13.4,1.2,12.0,27.4,2816.2,0.5074074074074074
127,Proportional,1141.0,13.0,2.2,11.4,27.6,2804.8,0.5092250922509225
128,Proportional,1155.4,11.4,1.6,10.8,29.0,2791.8,0.5492424242424243
129,Proportional,1166.2,13.2,0.6,10.4,28.8,2780.8,0.5433962264150943
130,Proportional,1181.4,11.8,1.6,11.4,27.0,2766.8,0.5212355212355213
131,Proportional,1192.8,12.0,1.4,11.4,26.4,2756.0,0.5156249999999999
132,Proportional,1204.6,12.4,2.0,10.6,25.4,2745.0,0.503968253968254
133,Proportional,1214.4,12.8,1.4,10.4,25.4,2735.6,0.508
134,Proportional,1229.4,13.4,1.4,10.0,25.8,2720.0,0.5098814229249012
135,Proportional,1242.0,13.2,2.0,9.8,26.2,2706.8,0.51171875
136,Proportional,1255.2,12.6,2.0,9.4,25.4,2695.4,0.5141700404858299
137,Proportional,1264.6,13.4,2.0,9.6,25.8,2684.6,0.5078740157480316
138,Proportional,1277.0,16.2,1.0,8.8,26.0,2671.0,0.5
139,Proportional,1292.8,14.8,2.2,9.6,24.2,2656.4,0.4763779527559055
140,Proportional,1305.0,14.8,2.4,10.2,24.4,2643.2,0.47104247104247104
141,Proportional,1316.4,15.4,0.8,10.2,25.6,2631.6,0.49230769230769234
142,Proportional,1327.2,16.0,1.4,11.2,25.2,2619.0,0.4684014869888476
143,Proportional,1338.0,17.0,1.2,12.6,25.2,2606.0,0.45
144,Proportional,1346.8,19.2,2.0,12.8,24.8,2594.4,0.4217687074829932
145,Proportional,1360.6,19.4,1.8,12.2,27.0,2579.0,0.4470198675496689
146,Proportional,1372.8,17.2,2.4,14.4,27.8,2565.4,0.4498381877022654
147,Proportional,1382.0,16.4,1.6,14.4,30.6,2555.0,0.4857142857142857
148,Proportional,1389.4,19.0,2.8,13.8,30.8,2544.2,0.463855421686747
149,Proportional,1396.0,20.6,1.4,14.4,31.0,2536.6,0.45994065281899105
0,Uniform,3971.0,19.0,9.6,0,0,0.4,0.0
1,Uniform,3956.8,30.8,10.6,0.8,0,1.0,0.0
2,Uniform,3940.8,41.2,12.2,4.2,0,1.6,0.0
3,Uniform,3916.6,58.2,15.4,7.2,0,2.6,0.0
4,Uniform,3891.4,70.0,20.4,13.8,0,4.4,0.0
5,Uniform,3849.2,95.6,27.2,20.8,0,7.2,0.0
6,Uniform,3782.0,144.8,36.2,26.4,0,10.6,0.0
7,Uniform,3705.8,191.0,51.2,37.6,0,14.4,0.0
8,Uniform,3588.2,268.0,74.8,48.6,0,20.4,0.0
9,Uniform,3448.8,351.0,102.4,68.8,0,29.0,0.0
10,Uniform,3261.4,468.2,140.0,87.8,0,42.6,0.0
11,Uniform,3030.2,605.4,184.0,121.8,0,58.6,0.0
12,Uniform,2730.8,776.0,245.2,163.4,0,84.6,0.0
13,Uniform,2411.6,942.0,319.2,213.4,0,113.8,0.0
14,Uniform,2030.2,1140.2,400.2,274.2,0,155.2,0.0
15,Uniform,1661.8,1274.0,512.4,352.4,0,199.4,0.0
16,Uniform,1282.2,1389.0,633.6,433.8,0,261.4,0.0
17,Uniform,920.4,1469.0,758.2,514.8,0,337.6,0.0
18,Uniform,620.8,1483.0,881.8,591.4,0,423.0,0.0
19,Uniform,396.6,1415.8,998.2,667.0,0,522.4,0.0
20,Uniform,240.8,1282.0,1088.0,737.4,9.4,642.4,0.0030159137577002054
21,Uniform,140.8,1137.4,1152.2,781.8,17.8,770.0,0.005762009581768742
22,Uniform,78.8,979.6,1189.6,818.2,25.6,908.2,0.008496515101228013
23,Uniform,44.0,820.2,1209.0,840.0,33.2,1053.6,0.011438809261300994
24,Uniform,23.6,677.0,1213.4,852.2,41.2,1192.6,0.01479991378690998
25,Uniform,13.8,561.2,1194.0,845.0,47.6,1338.4,0.01797718860941159
26,Uniform,10.2,455.4,1169.4,836.6,54.0,1474.4,0.021467758606980997
27,Uniform,11.4,372.8,1125.0,819.4,59.2,1612.2,0.024911631038545705
28,Uniform,12.0,307.8,1079.8,785.4,63.8,1751.2,0.028522889842632328
29,Uniform,10.8,255.6,1027.6,760.0,68.6,1877.4,0.032484136755374565
30,Uniform,12.2,214.8,973.0,728.8,74.8,1996.4,0.03756151451240333
31,Uniform,14.2,178.6,923.6,695.6,78.6,2109.4,0.04188872308676188
32,Uniform,13.4,155.2,869.8,658.2,82.4,2221.0,0.04666968735840508
33,Uniform,14.4,131.8,814.6,625.0,85.8,2328.4,0.05177407675597393
34,Uniform,16.8,117.0,757.2,588.6,89.0,2431.4,0.05735275164325299
35,Uniform,17.6,104.2,705.4,554.4,90.2,2528.2,0.06202723146747353
36,Uniform,18.8,96.6,661.0,524.8,92.2,2606.6,0.06707405790775497
37,Uniform,23.4,92.6,615.4,494.4,95.6,2678.6,0.0736517719568567
38,Uniform,26.2,86.8,575.0,465.4,97.2,2749.4,0.07938582162691932
39,Uniform,26.8,83.8,534.6,439.0,99.4,2816.4,0.08592669432918394
40,Uniform,31.2,76.4,484.8,411.6,116.0,2880.0,0.10653930933137397
41,Uniform,34.2,74.6,438.2,387.8,129.8,2935.4,0.12597049689440998
42,Uniform,38.8,69.8,395.4,362.8,141.8,2991.4,0.14621571458032587
43,Uniform,41.4,69.2,352.2,337.8,155.6,3043.8,0.17009182334936596
44,Uniform,46.4,68.0,309.8,313.0,166.6,3096.2,0.19430837415442034
45,Uniform,52.6,66.2,271.8,298.0,181.2,3130.2,0.22173274596182083
46,Uniform,57.8,67.2,236.2,283.4,193.2,3162.2,0.24769230769230768
47,Uniform,69.0,64.4,205.0,264.2,200.4,3197.0,0.273024523160763
48,Uniform,69.8,63.4,182.6,248.6,204.0,3231.6,0.29201259662181506
49,Uniform,70.8,63.0,165.6,230.8,208.8,3261.0,0.3124812930260401
50,Uniform,79.8,62.6,148.0,213.8,210.8,3285.0,0.3318639798488665
51,Uniform,92.4,58.2,134.4,195.0,213.2,3306.8,0.3548601864181092
52,Uniform,102.8,53.2,121.0,181.6,210.4,3331.0,0.3716001412928294
53,Uniform,108.0,55.0,107.8,170.0,210.8,3348.4,0.387785136129507
54,Uniform,116.8,50.2,98.4,161.0,208.0,3365.6,0.40185471406491496
55,Uniform,125.6,47.8,87.6,152.6,201.8,3384.6,0.412004899959167
56,Uniform,138.8,46.2,75.0,146.8,195.4,3397.8,0.42166594734570567
57,Uniform,148.4,47.0,66.4,141.2,194.4,3402.6,0.4329621380846325
58,Uniform,158.0,48.2,58.2,132.4,193.2,3410.0,0.4472222222222222
59,Uniform,167.4,47.0,50.2,126.2,192.0,3417.2,0.4622051035146847
60,Uniform,175.2,42.8,39.2,118.8,195.8,3428.2,0.49369641956631366
61,Uniform,186.4,44.6,25.6,110.6,197.8,3435.0,0.5224511357633386
62,Uniform,200.0,39.2,19.0,102.6,200.8,3438.4,0.5553097345132744
63,Uniform,210.2,36.8,12.8,97.8,199.8,3442.6,0.5754608294930876
64,Uniform,219.6,39.2,8.2,91.2,194.4,3447.4,0.5837837837837838
65,Uniform,233.0,36.4,7.8,87.0,191.6,3444.2,0.593556381660471
66,Uniform,246.8,35.4,4.4,81.2,189.4,3442.8,0.6101804123711341
67,Uniform,264.2,33.2,3.0,74.6,181.8,3443.2,0.621326042378674
68,Uniform,275.8,28.0,4.6,69.6,176.4,3445.6,0.6331658291457286
69,Uniform,289.0,26.8,3.8,64.6,171.6,3444.2,0.6431784107946028
70,Uniform,302.4,24.6,4.2,61.4,163.6,3443.8,0.6446020488573679
71,Uniform,315.8,24.4,2.8,60.4,155.6,3441.0,0.6398026315789473
72,Uniform,327.0,27.0,2.6,58.0,150.0,3435.4,0.6313131313131314
73,Uniform,340.4,24.4,4.2,53.0,143.4,3434.6,0.6373333333333333
74,Uniform,355.2,22.8,3.4,50.0,139.8,3428.8,0.6472222222222223
75,Uniform,369.2,23.6,2.2,49.2,134.2,3421.6,0.641491395793499
76,Uniform,384.0,23.6,3.0,47.2,127.2,3415.0,0.6328358208955224
77,Uniform,398.4,22.6,2.0,41.6,123.8,3411.6,0.651578947368421
78,Uniform,410.6,22.4,2.4,41.0,119.0,3404.6,0.6439393939393939
79,Uniform,427.2,22.8,2.8,38.8,115.2,3393.2,0.6414253897550111
80,Uniform,443.6,19.6,2.4,38.0,111.0,3385.4,0.6491228070175439
81,Uniform,458.8,19.2,2.2,38.0,105.6,3376.2,0.64
82,Uniform,470.6,19.6,1.8,36.2,101.0,3370.8,0.6368221941992432
83,Uniform,486.6,18.2,2.0,34.4,98.0,3360.8,0.6422018348623854
84,Uniform,504.0,17.8,1.4,32.2,94.8,3349.8,0.6484268125854994
85,Uniform,516.6,19.8,1.4,29.6,89.4,3343.2,0.637660485021398
86,Uniform,531.4,19.0,2.8,28.2,85.2,3333.4,0.6301775147928995
87,Uniform,546.0,18.2,2.4,27.6,83.6,3322.2,0.6342943854324733
88,Uniform,563.0,16.8,1.2,26.4,80.6,3312.0,0.6447999999999999
89,Uniform,578.8,15.8,2.4,26.0,76.4,3300.6,0.6334991708126037
90,Uniform,591.6,15.8,1.8,25.4,72.8,3292.6,0.6286701208981001
91,Uniform,604.8,14.0,2.8,25.8,71.0,3281.6,0.625
92,Uniform,618.6,14.6,2.0,25.4,69.2,3270.2,0.6223021582733813
93,Uniform,636.0,13.4,2.8,22.8,67.2,3257.8,0.632768361581921
94,Uniform,655.0,13.2,0.8,21.8,66.4,3242.8,0.6497064579256361
95,Uniform,672.8,12.6,1.2,21.8,63.4,3228.2,0.6404040404040404
96,Uniform,686.0,14.4,1.4,21.2,61.0,3216.0,0.6224489795918368
97,Uniform,701.8,13.8,2.0,20.0,59.6,3202.8,0.6247379454926625
98,Uniform,717.4,12.4,1.4,20.8,58.0,3190.0,0.6263498920086393
99,Uniform,730.0,13.0,1.6,20.2,55.6,3179.6,0.6150442477876106
100,Uniform,742.6,11.8,1.0,20.0,54.0,3170.6,0.6221198156682027
101,Uniform,757.0,11.4,2.2,20.2,52.2,3157.0,0.6069767441860465
102,Uniform,770.4,14.2,1.2,18.4,51.8,3144.0,0.6051401869158879
103,Uniform,785.0,14.0,1.2,18.0,50.2,3131.6,0.6019184652278178
104,Uniform,799.4,14.8,1.8,17.4,46.4,3120.2,0.5771144278606964
105,Uniform,812.6,13.8,2.0,17.0,45.4,3109.2,0.5805626598465474
106,Uniform,827.4,13.2,2.4,15.2,44.6,3097.2,0.5915119363395225
107,Uniform,842.0,14.0,1.4,14.4,44.8,3083.4,0.6005361930294906
108,Uniform,854.6,14.4,1.2,14.0,43.0,3072.8,0.5922865013774106
109,Uniform,869.2,15.6,1.0,13.8,40.4,3060.0,0.5706214689265536
110,Uniform,882.4,13.8,1.4,13.2,39.6,3049.6,0.5823529411764706
111,Uniform,896.0,12.4,1.2,13.0,38.4,3039.0,0.5907692307692307
112,Uniform,909.0,12.6,1.4,12.8,36.4,3027.8,0.5759493670886076
113,Uniform,924.2,11.0,1.4,12.4,36.0,3015.0,0.5921052631578948
114,Uniform,937.6,10.6,1.0,13.0,34.6,3003.2,0.5844594594594594
115,Uniform,948.6,11.6,1.0,13.2,32.6,2993.0,0.5582191780821918
116,Uniform,961.2,12.4,1.2,13.2,32.2,2979.8,0.5457627118644068
117,Uniform,976.6,11.6,1.6,13.8,31.4,2965.0,0.5376712328767124
118,Uniform,990.8,12.8,1.4,13.2,30.4,2951.4,0.5259515570934256
119,Uniform,1003.8,12.0,1.4,13.4,28.8,2940.6,0.5179856115107914
120,Uniform,1020.0,10.2,1.6,13.2,28.4,2926.6,0.5318352059925093
121,Uniform,1032.8,12.2,0.8,13.0,28.8,2912.4,0.5255474452554745
122,Uniform,1047.4,13.0,1.2,11.6,27.8,2899.0,0.5186567164179106
123,Uniform,1062.6,13.6,1.4,11.6,27.8,2883.0,0.5110294117647058
124,Uniform,1076.0,14.6,1.0,11.8,28.4,2868.2,0.5089605734767025
125,Uniform,1088.2,15.0,2.0,12.2,27.6,2855.0,0.48591549295774655
126,Uniform,1101.0,15.4,1.8,12.6,28.0,2841.2,0.4844290657439447
127,Uniform,1113.6,17.2,1.0,12.4,27.4,2828.4,0.4724137931034483
128,Uniform,1123.2,17.4,2.2,13.0,27.4,2816.8,0.4566666666666667
129,Uniform,1135.4,15.6,2.4,13.4,28.6,2804.6,0.4766666666666667
130,Uniform,1148.4,15.4,1.4,13.2,27.8,2793.8,0.48096885813148793
131,Uniform,1159.4,16.0,2.0,13.0,27.0,2782.6,0.46551724137931033
132,Uniform,1172.2,16.6,1.6,13.4,26.6,2769.6,0.4570446735395189
133,Uniform,1182.2,17.6,2.2,12.2,26.2,2759.6,0.4501718213058419
134,Uniform,1193.8,17.8,2.8,12.4,27.6,2745.6,0.45544554455445546
135,Uniform,1203.4,18.2,1.8,12.0,29.4,2735.2,0.4788273615635179
136,Uniform,1218.2,17.2,2.2,12.6,30.4,2719.4,0.48717948717948717
137,Uniform,1227.2,18.2,1.6,12.6,30.8,2709.6,0.4873417721518987
138,Uniform,1237.8,18.2,1.8,12.4,30.4,2699.4,0.4840764331210191
139,Uniform,1251.2,17.4,2.4,13.0,29.8,2686.2,0.47603833865814704
140,Uniform,1263.4,17.4,2.8,12.2,29.2,2675.0,0.4740259740259741
141,Uniform,1275.4,15.6,3.0,12.4,30.8,2662.8,0.49838187702265374
142,Uniform,1285.0,17.0,1.4,12.2,32.4,2652.0,0.5142857142857142
143,Uniform,1297.2,16.8,2.0,11.8,31.0,2641.2,0.5032467532467533
144,Uniform,1307.8,17.2,2.0,12.2,30.8,2630.0,0.49517684887459806
145,Uniform,1317.8,16.4,2.6,12.6,30.4,2620.2,0.49032258064516127
146,Uniform,1327.4,16.8,2.2,11.8,31.0,2610.8,0.5016181229773463
147,Uniform,1338.6,15.8,2.2,12.4,31.4,2599.6,0.5080906148867314
148,Uniform,1348.2,17.2,2.6,13.0,32.0,2587.0,0.4938271604938272
149,Uniform,1359.0,17.4,1.8,12.0,34.2,2575.6,0.5229357798165137
0,Random,3977.4,12.6,9.6,0,0,0.4,0.0
1,Random,3965.4,23.4,9.6,0.6,0,1.0,0.0
2,Random,3954.6,28.6,12.2,2.4,0,2.2,0.0
3,Random,3932.8,44.6,14.0,5.0,0,3.6,0.0
4,Random,3912.6,55.4,18.4,8.4,0,5.2,0.0
5,Random,3880.8,77.4,22.4,11.6,0,7.8,0.0
6,Random,3840.8,99.6,30.6,18.2,0,10.8,0.0
7,Random,3775.8,147.2,39.2,23.2,0,14.6,0.0
8,Random,3706.2,188.4,53.6,33.0,0,18.8,0.0
9,Random,3597.8,258.8,73.0,45.4,0,25.0,0.0
10,Random,3466.2,340.0,99.6,60.6,0,33.6,0.0
11,Random,3288.0,447.0,135.0,85.2,0,44.8,0.0
12,Random,3069.8,580.4,174.0,114.2,0,61.6,0.0
13,Random,2801.8,743.6,225.6,149.2,0,79.8,0.0
14,Random,2496.8,898.8,292.6,201.8,0,110.0,0.0
15,Random,2151.0,1068.4,376.6,257.8,0,146.2,0.0
16,Random,1768.4,1236.4,480.2,320.6,0,194.4,0.0
17,Random,1404.8,1364.2,587.0,393.2,0,250.8,0.0
18,Random,1048.2,1448.8,708.2,466.0,0,328.8,0.0
19,Random,738.6,1490.4,810.8,549.4,0,410.8,0.0
20,Random,499.8,1435.2,915.6,636.4,9.2,503.8,0.003070351087972233
21,Random,315.6,1335.8,1011.8,703.8,18.2,614.8,0.005929111284857963
22,Random,185.0,1211.8,1091.4,757.0,26.4,728.4,0.008553100498930863
23,Random,107.0,1057.6,1154.6,797.0,34.6,849.2,0.011367369735199423
24,Random,60.0,896.2,1200.6,821.8,41.8,979.6,0.01411971355222267
25,Random,32.6,745.6,1215.8,838.2,49.4,1118.4,0.017339417339417337
26,Random,15.4,623.6,1215.0,842.8,54.6,1248.6,0.019956140350877196
27,Random,9.2,519.2,1186.8,829.2,59.2,1396.4,0.022818378045020047
28,Random,6.8,426.2,1156.0,811.2,64.0,1535.8,0.026043786115406527
29,Random,9.2,343.2,1122.2,787.4,65.4,1672.6,0.028211543438874987
30,Random,10.0,283.4,1073.6,763.8,70.0,1799.2,0.03195179842979733
31,Random,10.4,235.4,1027.6,730.8,74.8,1921.0,0.03615972155080731
32,Random,12.8,195.2,973.8,698.2,78.8,2041.2,0.04049331963001027
33,Random,12.8,166.2,916.4,662.8,82.2,2159.6,0.04497701904136573
34,Random,13.2,141.8,860.6,630.2,84.0,2270.2,0.048933939182104154
35,Random,15.8,123.6,807.4,599.0,87.2,2367.0,0.05392035617116003
36,Random,15.8,110.6,759.0,565.0,91.6,2458.0,0.06001834621936837
37,Random,16.0,99.4,700.4,531.4,92.8,2560.0,0.06516853932584271
38,Random,19.6,91.6,652.2,501.2,95.0,2640.4,0.0708955223880597
39,Random,23.8,84.2,607.6,470.6,98.0,2715.8,0.07775309425579181
40,Random,24.2,84.0,551.4,445.0,112.6,2782.8,0.09438390611902765
41,Random,26.2,81.6,497.2,420.0,127.0,2848.0,0.11280866939065554
42,Random,30.4,80.0,445.6,397.8,141.2,2905.0,0.13263197445049782
43,Random,33.4,75.8,402.0,373.8,152.6,2962.4,0.15196176060545707
44,Random,35.8,73.0,355.0,352.0,165.6,3018.6,0.1751269035532995
45,Random,40.2,67.4,321.0,332.8,178.0,3060.6,0.19795373665480426
46,Random,41.4,66.2,284.8,308.2,184.8,3114.6,0.218957345971564
47,Random,43.0,63.6,255.4,285.4,191.0,3161.6,0.24013075182298216
48,Random,51.0,61.6,227.8,267.0,195.6,3197.0,0.26010638297872335
49,Random,59.2,60.0,206.2,248.6,203.0,3223.0,0.28280858177765394
50,Random,69.6,55.8,189.8,229.0,211.0,3244.8,0.30775962660443407
51,Random,82.2,55.2,170.2,210.2,211.6,3270.6,0.32694684796044504
52,Random,84.4,56.4,155.4,193.8,211.8,3298.2,0.3430515063168124
53,Random,94.0,54.2,140.0,182.8,212.4,3316.6,0.36036647438072617
54,Random,98.6,55.4,123.0,172.0,213.6,3337.4,0.37872340425531914
55,Random,108.8,52.6,111.4,158.2,212.4,3356.6,0.3973063973063973
56,Random,114.6,53.4,102.4,147.8,209.2,3372.6,0.4079563182527301
57,Random,121.0,52.6,88.6,141.4,208.8,3387.6,0.4249084249084249
58,Random,129.2,48.4,80.4,134.6,207.4,3400.0,0.44052676295666954
59,Random,141.6,50.8,68.6,129.2,207.8,3402.0,0.4553023663453112
60,Random,157.6,46.0,55.6,120.2,209.8,3410.8,0.4860982391102873
61,Random,165.8,41.8,44.2,115.2,211.4,3421.6,0.5123606398448861
62,Random,177.6,37.2,34.8,109.6,211.4,3429.4,0.537913486005089
63,Random,191.4,32.8,27.4,103.4,208.8,3436.2,0.560687432867884
64,Random,201.4,34.2,19.0,94.8,207.8,3442.8,0.5840359752670039
65,Random,214.2,33.0,12.6,84.6,207.0,3448.6,0.6138790035587188
66,Random,227.0,32.4,9.2,78.6,200.8,3452.0,0.6255451713395639
67,Random,239.8,30.6,9.2,73.8,191.8,3454.8,0.6280288146692863
68,Random,251.8,26.6,8.8,67.4,187.2,3458.2,0.6455172413793103
69,Random,265.8,25.8,5.6,63.0,179.8,3460.0,0.6557257476294674
70,Random,287.8,23.8,2.6,60.2,175.4,3450.2,0.6694656488549618
71,Random,302.4,22.2,3.0,56.8,170.4,3445.2,0.6751188589540412
72,Random,317.0,20.8,2.8,53.6,163.6,3442.2,0.6794019933554817
73,Random,336.2,18.4,3.0,50.6,157.0,3434.8,0.6855895196506551
74,Random,350.0,19.6,2.4,48.4,151.0,3428.6,0.6820234869015357
75,Random,363.2,20.0,1.4,47.4,142.0,3426.0,0.6736242884250474
76,Random,376.0,22.4,1.4,44.6,135.6,3420.0,0.6647058823529411
77,Random,387.4,22.2,3.2,42.6,129.0,3415.6,0.6548223350253807
78,Random,404.0,20.0,3.4,40.6,126.0,3406.0,0.6631578947368421
79,Random,420.0,19.2,2.4,39.6,117.2,3401.6,0.6569506726457399
80,Random,435.6,19.4,1.6,35.2,112.8,3395.4,0.6674556213017752
81,Random,449.6,19.4,2.4,32.8,106.2,3389.6,0.6604477611940298
82,Random,464.6,19.8,1.6,31.2,103.2,3379.6,0.662387676508344
83,Random,480.4,18.8,3.0,30.0,97.4,3370.4,0.6528150134048258
84,Random,494.8,18.2,2.6,28.8,93.8,3361.8,0.6541143654114365
85,Random,509.6,17.4,2.0,28.6,89.0,3353.4,0.6496350364963503
86,Random,525.2,17.0,1.8,27.8,86.0,3342.2,0.6485671191553545
87,Random,540.8,16.8,2.0,27.6,81.4,3331.4,0.6369327073552425
88,Random,555.8,20.2,1.0,26.0,78.0,3319.0,0.6230031948881789
89,Random,569.2,20.8,1.8,24.2,73.0,3311.0,0.6093489148580968
90,Random,581.8,20.0,2.8,23.8,69.2,3302.4,0.5975820379965457
91,Random,596.8,17.8,2.0,25.0,69.2,3289.2,0.6070175438596491
92,Random,607.8,20.0,1.6,23.2,65.2,3282.2,0.5927272727272728
93,Random,628.6,17.6,2.2,22.4,64.4,3264.8,0.6041275797373359
94,Random,643.4,17.2,1.8,21.4,63.6,3252.6,0.6115384615384616
95,Random,656.4,18.2,1.2,20.6,61.2,3242.4,0.6047430830039526
96,Random,671.2,17.0,2.6,19.4,59.0,3230.8,0.6020408163265306
97,Random,689.6,15.4,2.4,18.8,58.0,3215.8,0.613107822410148
98,Random,704.4,15.8,1.4,16.6,57.6,3204.2,0.6301969365426695
99,Random,720.2,14.8,1.4,18.6,54.2,3190.8,0.6089887640449438
100,Random,736.6,14.8,1.4,17.8,52.2,3177.2,0.605568445475638
101,Random,749.8,14.6,2.2,17.0,49.8,3166.6,0.5956937799043063
102,Random,763.4,15.2,1.6,17.0,48.2,3154.6,0.5878048780487806
103,Random,776.2,15.0,1.2,17.0,45.2,3145.4,0.576530612244898
104,Random,791.4,15.0,1.0,17.2,42.8,3132.6,0.5631578947368421
105,Random,806.6,14.2,2.4,17.4,41.6,3117.8,0.5502645502645503
106,Random,822.2,15.2,1.2,16.4,43.2,3101.8,0.5684210526315789
107,Random,834.6,14.0,1.4,17.0,40.0,3093.0,0.5524861878453038
108,Random,851.8,12.6,1.8,16.6,39.2,3078.0,0.5584045584045584
109,Random,866.4,13.4,1.4,15.2,38.8,3064.8,0.563953488372093
110,Random,878.2,13.4,1.4,15.0,38.4,3053.6,0.563049853372434
111,Random,892.4,15.8,1.2,14.0,38.6,3038.0,0.5545977011494253
112,Random,906.8,15.4,1.2,14.6,36.8,3025.2,0.5411764705882353
113,Random,921.2,14.0,2.8,14.8,35.8,3011.4,0.5311572700296735
114,Random,936.2,14.0,2.2,14.6,36.4,2996.6,0.5416666666666667
115,Random,949.2,14.6,2.2,13.6,37.0,2983.4,0.5489614243323442
116,Random,962.4,14.8,1.6,14.4,36.8,2970.0,0.5443786982248521
117,Random,975.0,16.4,1.4,13.4,36.4,2957.4,0.5384615384615384
118,Random,986.8,16.0,2.2,13.0,35.6,2946.4,0.532934131736527
119,Random,996.4,15.6,2.4,12.2,36.2,2937.2,0.5451807228915663
120,Random,1010.0,14.6,2.0,12.0,37.0,2924.4,0.5640243902439025
121,Random,1022.0,12.2,3.0,13.2,37.2,2912.4,0.5670731707317074
122,Random,1037.6,14.0,0.8,12.0,38.2,2897.4,0.5876923076923077
123,Random,1050.0,15.4,1.8,12.0,35.2,2885.6,0.546583850931677
124,Random,1063.0,14.4,2.6,12.8,34.2,2873.0,0.534375
125,Random,1076.8,13.8,1.6,12.6,34.4,2860.8,0.5512820512820513
126,Random,1090.8,14.4,1.8,12.8,33.6,2846.6,0.536741214057508
127,Random,1104.6,14.0,1.6,11.8,33.8,2834.2,0.5522875816993464
128,Random,1116.4,13.6,2.0,12.2,34.4,2821.4,0.5530546623794212
129,Random,1127.0,13.0,2.4,11.6,35.6,2810.4,0.5686900958466454
130,Random,1141.0,12.6,1.4,11.6,35.6,2797.8,0.5816993464052288
131,Random,1153.6,13.6,1.6,10.2,34.6,2786.4,0.5766666666666667
132,Random,1164.4,13.6,1.4,9.6,33.4,2777.6,0.5758620689655172
133,Random,1175.8,15.4,1.8,9.4,32.4,2765.2,0.5491525423728814
134,Random,1188.6,13.8,2.4,10.8,32.8,2751.6,0.5484949832775919
135,Random,1201.8,15.4,1.4,10.2,33.4,2737.8,0.5529801324503311
136,Random,1215.0,14.6,2.2,10.0,33.4,2724.8,0.5548172757475083
137,Random,1230.4,13.4,2.2,9.8,33.4,2710.8,0.5680272108843537
138,Random,1240.4,13.6,1.2,10.6,34.0,2700.2,0.5723905723905724
139,Random,1251.8,14.2,1.6,10.6,33.2,2688.6,0.5570469798657719
140,Random,1262.4,14.0,1.0,11.6,33.4,2677.6,0.5566666666666666
141,Random,1274.6,13.4,2.0,11.2,32.0,2666.8,0.5460750853242321
142,Random,1287.4,12.6,2.2,11.6,32.8,2653.4,0.5540540540540541
143,Random,1298.2,14.0,1.6,10.6,33.4,2642.2,0.5604026845637584
144,Random,1306.2,14.8,2.2,10.6,32.6,2633.6,0.5415282392026578
145,Random,1316.8,16.0,1.2,10.6,33.0,2622.4,0.5427631578947368
146,Random,1328.6,14.2,2.2,11.2,31.6,2612.2,0.5337837837837838
147,Random,1338.2,15.2,1.4,11.8,31.2,2602.2,0.5234899328859061
148,Random,1353.6,15.4,1.8,13.0,30.8,2585.4,0.5049180327868853
149,Random,1365.0,16.2,1.4,13.6,30.8,2573.0,0.4967741935483871
